subid,condition,trial_num_full,m_correct,m_gaze_follow,rt,shift_start,shift_end,shift_correct,shift_type
020816_01,gaze,1_exposure,0.16346153846153846,0.41346153846153844,0.5666666666666667,left,right,FALSE,image_away
020816_01,gaze,1_test,0.14545454545454545,0,0.1,face,left,TRUE,face_target
020816_01,gaze,10_exposure,0.3055555555555556,0.3055555555555556,0.2,face,left,FALSE,face_distracter
020816_01,gaze,10_test,0.7547169811320755,0,3.2333333333333334,left,face,FALSE,image_away
020816_01,gaze,12_exposure,0.16346153846153846,0.38461538461538464,0.2,face,left,TRUE,face_target
020816_01,gaze,12_test,0.16666666666666666,0,0.16666666666666666,right,left,FALSE,target_distracter
020816_01,gaze,13_exposure,0.09574468085106383,0.6702127659574468,0.6666666666666666,left,right,FALSE,image_away
020816_01,gaze,13_test,0.0990990990990991,0,0.3333333333333333,left,right,FALSE,image_away
020816_01,gaze,15_exposure,0.37383177570093457,0.37383177570093457,0.26666666666666666,face,left,TRUE,face_target
020816_01,gaze,15_test,1,0,NA,left,NA,NA,no_shift
020816_01,gaze,16_exposure,0.7171717171717171,0,0.3,face,left,TRUE,face_target
020816_01,gaze,16_test,0.5742574257425742,0,0.4,left,right,FALSE,image_away
020816_01,gaze,2_exposure,0,0.4351851851851852,1.1,face,left,FALSE,face_distracter
020816_01,gaze,2_test,0.08695652173913043,0,0.2,face,left,FALSE,face_distracter
020816_01,gaze,3_exposure,0.2807017543859649,0.2807017543859649,0.7,face,left,TRUE,face_target
020816_01,gaze,3_test,0.8761061946902655,0,0.1,face,left,FALSE,face_distracter
020816_01,gaze,5_exposure,0.14953271028037382,0.38317757009345793,0.3,face,left,FALSE,face_distracter
020816_01,gaze,5_test,0.0673076923076923,0,0.23333333333333334,face,left,TRUE,face_target
020816_01,gaze,7_exposure,0.11428571428571428,0.19047619047619047,0.3,face,left,TRUE,face_target
020816_01,gaze,7_test,0.033707865168539325,0,0.5666666666666667,left,right,TRUE,image_away
020816_01,gaze,8_exposure,0.5555555555555556,0.5555555555555556,0.26666666666666666,face,left,FALSE,face_distracter
020816_01,gaze,8_test,0.6238532110091743,0,0.06666666666666667,face,right,TRUE,face_target
020816_01,gaze,9_exposure,0.28888888888888886,0.28888888888888886,0.6,left,right,TRUE,image_away
020816_01,gaze,9_test,0.9518072289156626,0,0.3333333333333333,right,left,TRUE,distracter_target
020916_01,no-gaze,1_exposure,0.1282051282051282,0,0.4,right,left,TRUE,distracter_target
020916_01,no-gaze,1_test,0.5454545454545454,0,0.4,right,left,TRUE,distracter_target
020916_01,no-gaze,10_exposure,0.09401709401709402,0,1.2666666666666666,face,left,FALSE,face_distracter
020916_01,no-gaze,10_test,0.7807017543859649,0,1.3333333333333333,left,right,FALSE,image_away
020916_01,no-gaze,11_exposure,0.5242718446601942,0,0.3333333333333333,right,left,TRUE,distracter_target
020916_01,no-gaze,11_test,0.4830508474576271,0,2.066666666666667,left,right,TRUE,image_away
020916_01,no-gaze,14_exposure,0.8032786885245902,0,0.2,face,left,TRUE,face_target
020916_01,no-gaze,14_test,0.8846153846153846,0,0.26666666666666666,left,right,FALSE,image_away
020916_01,no-gaze,15_exposure,0.7297297297297297,0,0.4666666666666667,left,right,FALSE,image_away
020916_01,no-gaze,15_test,1,0,NA,left,NA,NA,no_shift
020916_01,no-gaze,16_exposure,0.6752136752136753,0,0.3,left,right,TRUE,image_away
020916_01,no-gaze,16_test,0.4444444444444444,0,1.0333333333333334,right,face,FALSE,image_face
020916_01,no-gaze,2_exposure,0.7372881355932204,0,1.0666666666666667,left,right,FALSE,image_away
020916_01,no-gaze,2_test,1,0,NA,left,NA,NA,no_shift
020916_01,no-gaze,3_exposure,0.7457627118644068,0,1,left,right,TRUE,image_away
020916_01,no-gaze,3_test,0.5217391304347826,0,0.7333333333333333,right,left,FALSE,target_distracter
020916_01,no-gaze,4_exposure,0.4117647058823529,0,0.6,left,right,TRUE,image_away
020916_01,no-gaze,4_test,0.6910569105691057,0,0.6,right,left,FALSE,target_distracter
020916_01,no-gaze,5_exposure,0.14150943396226415,0,0.7333333333333333,left,face,FALSE,image_away
020916_01,no-gaze,5_test,0.12280701754385964,0,0.4666666666666667,right,left,FALSE,target_distracter
020916_01,no-gaze,6_exposure,0.2831858407079646,0,0.26666666666666666,left,right,TRUE,image_away
020916_01,no-gaze,6_test,0.8487394957983193,0,0.6,left,right,TRUE,image_away
020916_01,no-gaze,7_exposure,0.3050847457627119,0,1.3666666666666667,left,right,FALSE,image_away
020916_01,no-gaze,7_test,0.591304347826087,0,0.23333333333333334,right,left,FALSE,target_distracter
020916_01,no-gaze,8_exposure,0.37962962962962965,0,0.26666666666666666,right,left,FALSE,target_distracter
020916_01,no-gaze,8_test,0.6666666666666666,0,0.36666666666666664,left,right,FALSE,image_away
020916_02,gaze,1_exposure,0.32432432432432434,0.28378378378378377,0.36666666666666664,left,right,FALSE,image_away
020916_02,gaze,1_test,0.3723404255319149,0,0.3,right,left,TRUE,distracter_target
020916_02,gaze,10_exposure,0.38095238095238093,0.38095238095238093,0.5,left,right,TRUE,image_away
020916_02,gaze,10_test,1,0,NA,left,NA,NA,no_shift
020916_02,gaze,12_exposure,0.20175438596491227,0.7280701754385965,0.36666666666666664,left,right,FALSE,image_away
020916_02,gaze,12_test,0.06593406593406594,0,0.23333333333333334,face,left,FALSE,face_distracter
020916_02,gaze,13_exposure,0.2391304347826087,0.717391304347826,0.23333333333333334,right,left,TRUE,distracter_target
020916_02,gaze,13_test,0.6666666666666666,0,0.4,left,face,FALSE,image_away
020916_02,gaze,15_exposure,0.8202247191011236,0.8202247191011236,0.3333333333333333,left,right,FALSE,image_away
020916_02,gaze,15_test,0.944954128440367,0,1.7,left,right,FALSE,image_away
020916_02,gaze,16_exposure,0.7592592592592593,0.1111111111111111,0.43333333333333335,left,right,FALSE,image_away
020916_02,gaze,16_test,0.86,0,0.5333333333333333,left,face,FALSE,image_away
020916_02,gaze,2_exposure,0.22,0.64,0.5,left,right,TRUE,image_away
020916_02,gaze,2_test,0.5,0,0.23333333333333334,face,left,FALSE,face_distracter
020916_02,gaze,3_exposure,0.7019230769230769,0.7019230769230769,0.3333333333333333,right,face,FALSE,image_face
020916_02,gaze,3_test,0.7706422018348624,0,0.5666666666666667,left,face,FALSE,image_away
020916_02,gaze,5_exposure,0,0.8157894736842105,0.8666666666666667,face,left,FALSE,face_distracter
020916_02,gaze,5_test,0.46788990825688076,0,0.3333333333333333,left,right,FALSE,image_away
020916_02,gaze,7_exposure,0.30851063829787234,0.6276595744680851,0.5333333333333333,left,right,FALSE,image_away
020916_02,gaze,7_test,0.5478260869565217,0,0.16666666666666666,face,left,FALSE,face_distracter
020916_02,gaze,8_exposure,0.5294117647058824,0.5294117647058824,0.6333333333333333,left,right,TRUE,image_away
020916_02,gaze,8_test,0.7948717948717948,0,2.933333333333333,right,left,FALSE,target_distracter
020916_02,gaze,9_exposure,0.3763440860215054,0.3763440860215054,0.5,face,left,FALSE,face_distracter
020916_02,gaze,9_test,0.684931506849315,0,2.533333333333333,left,face,FALSE,image_away
020916_03,no-gaze,1_exposure,0.5126050420168067,0,0.13333333333333333,right,left,TRUE,distracter_target
020916_03,no-gaze,1_test,0.8034188034188035,0,0.3,left,right,FALSE,image_away
020916_03,no-gaze,10_exposure,0.39285714285714285,0,0.3,left,right,TRUE,image_away
020916_03,no-gaze,10_test,0.896551724137931,0,0.5,left,face,FALSE,image_away
020916_03,no-gaze,11_exposure,0.3867924528301887,0,0.1,right,left,TRUE,distracter_target
020916_03,no-gaze,11_test,0.9181818181818182,0,0.4666666666666667,left,right,TRUE,image_away
020916_03,no-gaze,14_exposure,0.36363636363636365,0,0.36666666666666664,left,right,FALSE,image_away
020916_03,no-gaze,14_test,0.3177570093457944,0,0.26666666666666666,left,right,FALSE,image_away
020916_03,no-gaze,15_exposure,0.4778761061946903,0,0.4,left,right,FALSE,image_away
020916_03,no-gaze,15_test,0.625,0,0.3,left,right,FALSE,image_away
020916_03,no-gaze,16_exposure,0.29523809523809524,0,0.3,left,right,TRUE,image_away
020916_03,no-gaze,16_test,0.923728813559322,0,0.6,left,right,FALSE,image_away
020916_03,no-gaze,2_exposure,0.41739130434782606,0,0.13333333333333333,left,face,FALSE,image_away
020916_03,no-gaze,2_test,0.5045871559633027,0,0.6333333333333333,left,right,FALSE,image_away
020916_03,no-gaze,3_exposure,0.4074074074074074,0,0.6333333333333333,left,right,TRUE,image_away
020916_03,no-gaze,3_test,0.6974789915966386,0,0.26666666666666666,left,right,TRUE,image_away
020916_03,no-gaze,4_exposure,0.5163934426229508,0,0.43333333333333335,left,right,TRUE,image_away
020916_03,no-gaze,4_test,0.9256198347107438,0,0.3333333333333333,left,right,TRUE,image_away
020916_03,no-gaze,5_exposure,0.35964912280701755,0,0.16666666666666666,left,face,FALSE,image_away
020916_03,no-gaze,5_test,0.38596491228070173,0,0.4666666666666667,left,right,TRUE,image_away
020916_03,no-gaze,6_exposure,0.41284403669724773,0,0.5666666666666667,left,right,TRUE,image_away
020916_03,no-gaze,6_test,0.9327731092436975,0,0.43333333333333335,left,right,TRUE,image_away
020916_03,no-gaze,7_exposure,0.5045871559633027,0,0.4,left,face,FALSE,image_away
020916_03,no-gaze,7_test,0.6869565217391305,0,0.3333333333333333,left,right,TRUE,image_away
020916_03,no-gaze,8_exposure,0.2972972972972973,0,0.6333333333333333,left,right,TRUE,image_away
020916_03,no-gaze,8_test,0.7142857142857143,0,0.06666666666666667,right,left,TRUE,distracter_target
021016_01,no-gaze,1_exposure,0.5135135135135135,0,0.23333333333333334,face,left,TRUE,face_target
021016_01,no-gaze,1_test,0.7130434782608696,0,0.6,right,left,TRUE,distracter_target
021016_01,no-gaze,10_exposure,0.5934959349593496,0,0.4,face,right,TRUE,face_target
021016_01,no-gaze,10_test,0.6741573033707865,0,0.4,right,left,TRUE,distracter_target
021016_01,no-gaze,11_exposure,0.17886178861788618,0,0.36666666666666664,right,left,TRUE,distracter_target
021016_01,no-gaze,11_test,0.02459016393442623,0,1.8333333333333333,face,right,TRUE,face_target
021016_01,no-gaze,14_exposure,0.2,0,0.5,face,right,FALSE,face_distracter
021016_01,no-gaze,14_test,0.7391304347826086,0,0.2,face,right,FALSE,face_distracter
021016_01,no-gaze,15_exposure,0.6666666666666666,0,0.6333333333333333,face,right,FALSE,face_distracter
021016_01,no-gaze,15_test,0.7032967032967034,0,0.7333333333333333,face,left,TRUE,face_target
021016_01,no-gaze,16_exposure,0.8166666666666667,0,0.26666666666666666,face,right,TRUE,face_target
021016_01,no-gaze,16_test,0.14018691588785046,0,0.26666666666666666,right,left,TRUE,distracter_target
021016_01,no-gaze,2_exposure,0.22950819672131148,0,0.3,face,right,FALSE,face_distracter
021016_01,no-gaze,2_test,0.16346153846153846,0,0.16666666666666666,face,right,FALSE,face_distracter
021016_01,no-gaze,3_exposure,0.2184873949579832,0,0.5,left,right,TRUE,image_away
021016_01,no-gaze,3_test,0,0,NA,face,NA,NA,no_shift
021016_01,no-gaze,4_exposure,0.7758620689655172,0,0.4666666666666667,left,right,TRUE,image_away
021016_01,no-gaze,4_test,0.5517241379310345,0,0.16666666666666666,face,left,FALSE,face_distracter
021016_01,no-gaze,5_exposure,0.7474747474747475,0,0.43333333333333335,right,left,TRUE,distracter_target
021016_01,no-gaze,5_test,0.8803418803418803,0,0.23333333333333334,left,right,TRUE,image_away
021016_01,no-gaze,6_exposure,0.8018018018018018,0,0.26666666666666666,face,left,FALSE,face_distracter
021016_01,no-gaze,6_test,1,0,NA,right,NA,NA,no_shift
021016_01,no-gaze,7_exposure,0.10465116279069768,0,0.36666666666666664,face,right,FALSE,face_distracter
021016_01,no-gaze,7_test,0.27522935779816515,0,0.23333333333333334,right,left,FALSE,target_distracter
021016_01,no-gaze,8_exposure,0.21487603305785125,0,0.3,face,left,FALSE,face_distracter
021016_01,no-gaze,8_test,0.3130434782608696,0,0.7333333333333333,left,right,FALSE,image_away
021016_02,gaze,1_exposure,0.11304347826086956,0.8782608695652174,0.6666666666666666,left,right,FALSE,image_away
021016_02,gaze,1_test,0.8198198198198198,0,0.26666666666666666,right,left,TRUE,distracter_target
021016_02,gaze,10_exposure,0.4224137931034483,0.4224137931034483,0.5333333333333333,left,face,FALSE,image_away
021016_02,gaze,10_test,0.7377049180327869,0,0.5666666666666667,left,right,FALSE,image_away
021016_02,gaze,12_exposure,0.09917355371900827,0.7768595041322314,0.43333333333333335,left,right,FALSE,image_away
021016_02,gaze,12_test,0.1574074074074074,0,0.5666666666666667,left,right,TRUE,image_away
021016_02,gaze,13_exposure,0.075,0.7166666666666667,0.36666666666666664,face,left,TRUE,face_target
021016_02,gaze,13_test,0.7456140350877193,0,0.43333333333333335,left,right,FALSE,image_away
021016_02,gaze,15_exposure,1,1,NA,left,NA,NA,no_shift
021016_02,gaze,15_test,0.9819819819819819,0,3.9,left,face,FALSE,image_away
021016_02,gaze,16_exposure,0.9435483870967742,0.056451612903225805,0.26666666666666666,right,left,TRUE,distracter_target
021016_02,gaze,16_test,1,0,NA,left,NA,NA,no_shift
021016_02,gaze,2_exposure,0.05511811023622047,0.937007874015748,0.2,right,face,FALSE,image_face
021016_02,gaze,2_test,0.5818181818181818,0,0.4,left,right,TRUE,image_away
021016_02,gaze,3_exposure,0.8235294117647058,0.8235294117647058,0.4,left,face,FALSE,image_away
021016_02,gaze,3_test,0.9210526315789473,0,0.2,right,left,FALSE,target_distracter
021016_02,gaze,5_exposure,0.07339449541284404,0.9174311926605505,0.3333333333333333,left,face,FALSE,image_away
021016_02,gaze,5_test,0.79,0,0.23333333333333334,left,right,FALSE,image_away
021016_02,gaze,7_exposure,0.07407407407407407,0.8148148148148148,0.5666666666666667,left,right,FALSE,image_away
021016_02,gaze,7_test,0.37719298245614036,0,0.2,face,left,FALSE,face_distracter
021016_02,gaze,8_exposure,0.5752212389380531,0.5752212389380531,0.36666666666666664,left,face,FALSE,image_away
021016_02,gaze,8_test,0.8245614035087719,0,1.7666666666666666,right,face,FALSE,image_face
021016_02,gaze,9_exposure,0.6752136752136753,0.6752136752136753,0.43333333333333335,left,face,FALSE,image_away
021016_02,gaze,9_test,0.9262295081967213,0,0.06666666666666667,right,face,FALSE,image_face
021216_01,gaze,1_exposure,0,0,NA,face,NA,NA,no_shift
021216_01,gaze,1_test,0,0,NA,face,NA,NA,no_shift
021216_01,gaze,10_exposure,0.48484848484848486,0.48484848484848486,0.23333333333333334,face,left,FALSE,face_distracter
021216_01,gaze,10_test,0.034482758620689655,0,2.066666666666667,left,face,FALSE,image_away
021216_01,gaze,12_exposure,0,0.2753623188405797,0.6,face,right,FALSE,face_distracter
021216_01,gaze,12_test,0,0,NA,face,NA,NA,no_shift
021216_01,gaze,13_exposure,0.014084507042253521,0.30985915492957744,1.0666666666666667,face,right,FALSE,face_distracter
021216_01,gaze,13_test,0.02247191011235955,0,3.1,face,right,FALSE,face_distracter
021216_01,gaze,15_exposure,0.2857142857142857,0.2857142857142857,1.4333333333333333,face,left,TRUE,face_target
021216_01,gaze,15_test,0.22,0,0.2,face,left,TRUE,face_target
021216_01,gaze,16_exposure,0.30851063829787234,0,0.9333333333333333,face,left,TRUE,face_target
021216_01,gaze,16_test,0.19230769230769232,0,0.6666666666666666,face,right,FALSE,face_distracter
021216_01,gaze,2_exposure,0,0.8,1.1666666666666667,face,left,FALSE,face_distracter
021216_01,gaze,2_test,0,0,NA,face,NA,NA,no_shift
021216_01,gaze,3_exposure,0,0,NA,face,NA,NA,no_shift
021216_01,gaze,3_test,0,0,NA,face,NA,NA,no_shift
021216_01,gaze,5_exposure,0.14814814814814814,0.3425925925925926,0.6,face,left,FALSE,face_distracter
021216_01,gaze,5_test,0,0,0.4666666666666667,face,right,FALSE,face_distracter
021216_01,gaze,7_exposure,0,0.3875,1.1333333333333333,face,right,FALSE,face_distracter
021216_01,gaze,7_test,0.043478260869565216,0,0.8333333333333334,left,right,TRUE,image_away
021216_01,gaze,8_exposure,0.029850746268656716,0.029850746268656716,1.2333333333333334,face,right,TRUE,face_target
021216_01,gaze,8_test,0.1308411214953271,0,0.4666666666666667,face,right,TRUE,face_target
021216_01,gaze,9_exposure,0.4891304347826087,0.4891304347826087,0.3333333333333333,face,left,FALSE,face_distracter
021216_01,gaze,9_test,0.07865168539325842,0,0.6,face,left,TRUE,face_target
021216_02,no-gaze,1_exposure,0.5648148148148148,0,0.5,left,right,FALSE,image_away
021216_02,no-gaze,1_test,0.6779661016949152,0,0.43333333333333335,left,right,FALSE,image_away
021216_02,no-gaze,10_exposure,0.06837606837606838,0,0.43333333333333335,right,left,FALSE,target_distracter
021216_02,no-gaze,10_test,0.9322033898305084,0,0.6,left,right,FALSE,image_away
021216_02,no-gaze,11_exposure,0.2,0,0.36666666666666664,left,right,FALSE,image_away
021216_02,no-gaze,11_test,0.06862745098039216,0,0.26666666666666666,right,left,FALSE,target_distracter
021216_02,no-gaze,14_exposure,0.06779661016949153,0,0.43333333333333335,left,right,FALSE,image_away
021216_02,no-gaze,14_test,0.10588235294117647,0,0.43333333333333335,right,left,TRUE,distracter_target
021216_02,no-gaze,15_exposure,0.05084745762711865,0,0.36666666666666664,left,right,FALSE,image_away
021216_02,no-gaze,15_test,0.925,0,0.26666666666666666,right,face,FALSE,image_face
021216_02,no-gaze,16_exposure,0.13793103448275862,0,0.43333333333333335,left,right,TRUE,image_away
021216_02,no-gaze,16_test,0.8596491228070176,0,0.5333333333333333,left,right,FALSE,image_away
021216_02,no-gaze,2_exposure,0.08411214953271028,0,0.4666666666666667,left,right,FALSE,image_away
021216_02,no-gaze,2_test,0.11926605504587157,0,0.23333333333333334,right,left,TRUE,distracter_target
021216_02,no-gaze,3_exposure,0.8130081300813008,0,0.7666666666666667,left,right,TRUE,image_away
021216_02,no-gaze,3_test,0.8991596638655462,0,0.5,left,right,TRUE,image_away
021216_02,no-gaze,4_exposure,0.8205128205128205,0,0.4666666666666667,left,right,TRUE,image_away
021216_02,no-gaze,4_test,0.9098360655737705,0,0.26666666666666666,right,left,FALSE,target_distracter
021216_02,no-gaze,5_exposure,0.2222222222222222,0,0.4666666666666667,face,left,TRUE,face_target
021216_02,no-gaze,5_test,0.9137931034482759,0,0.5666666666666667,left,right,TRUE,image_away
021216_02,no-gaze,6_exposure,0.0784313725490196,0,0.6666666666666666,left,right,TRUE,image_away
021216_02,no-gaze,6_test,0.7528089887640449,0,0.43333333333333335,left,right,TRUE,image_away
021216_02,no-gaze,7_exposure,0.8556701030927835,0,0.5666666666666667,left,right,FALSE,image_away
021216_02,no-gaze,7_test,0.9067796610169492,0,0.3333333333333333,left,right,TRUE,image_away
021216_02,no-gaze,8_exposure,0.0761904761904762,0,0.36666666666666664,right,left,FALSE,target_distracter
021216_02,no-gaze,8_test,0.25,0,0.43333333333333335,left,right,FALSE,image_away
021616_01,no-gaze,1_exposure,0.2644628099173554,0,0.26666666666666666,left,right,FALSE,image_away
021616_01,no-gaze,1_test,0.4824561403508772,0,0.6333333333333333,right,left,TRUE,distracter_target
021616_01,no-gaze,10_exposure,0.4380952380952381,0,0.23333333333333334,left,right,TRUE,image_away
021616_01,no-gaze,10_test,0.8859649122807017,0,0.26666666666666666,left,right,FALSE,image_away
021616_01,no-gaze,11_exposure,0.44036697247706424,0,0.43333333333333335,left,right,FALSE,image_away
021616_01,no-gaze,11_test,0.6666666666666666,0,0.23333333333333334,left,right,TRUE,image_away
021616_01,no-gaze,14_exposure,0.14754098360655737,0,1.2333333333333334,face,right,FALSE,face_distracter
021616_01,no-gaze,14_test,0.375,0,0.7,face,left,TRUE,face_target
021616_01,no-gaze,15_exposure,0.5964912280701754,0,0.43333333333333335,right,left,TRUE,distracter_target
021616_01,no-gaze,15_test,1,0,NA,left,NA,NA,no_shift
021616_01,no-gaze,16_exposure,0.6637931034482759,0,0.26666666666666666,left,right,TRUE,image_away
021616_01,no-gaze,16_test,0.5213675213675214,0,0.23333333333333334,right,left,TRUE,distracter_target
021616_01,no-gaze,2_exposure,0.6779661016949152,0,1.1333333333333333,left,right,FALSE,image_away
021616_01,no-gaze,2_test,0.6504065040650406,0,0.26666666666666666,left,right,FALSE,image_away
021616_01,no-gaze,3_exposure,0.43478260869565216,0,0.6666666666666666,right,left,FALSE,target_distracter
021616_01,no-gaze,3_test,0.5752212389380531,0,0.2,left,right,TRUE,image_away
021616_01,no-gaze,4_exposure,0.3119266055045872,0,0.9333333333333333,left,right,TRUE,image_away
021616_01,no-gaze,4_test,0.7226890756302521,0,0.2,left,right,TRUE,image_away
021616_01,no-gaze,5_exposure,0.4789915966386555,0,0.23333333333333334,left,right,FALSE,image_away
021616_01,no-gaze,5_test,0.7345132743362832,0,0.3,left,right,TRUE,image_away
021616_01,no-gaze,6_exposure,0.3684210526315789,0,0.4666666666666667,right,left,FALSE,target_distracter
021616_01,no-gaze,6_test,0.8070175438596491,0,1.8333333333333333,right,face,FALSE,image_face
021616_01,no-gaze,7_exposure,0.5289256198347108,0,0.6333333333333333,left,right,FALSE,image_away
021616_01,no-gaze,7_test,0.7454545454545455,0,2.466666666666667,right,left,FALSE,target_distracter
021616_01,no-gaze,8_exposure,0.3333333333333333,0,0.23333333333333334,left,right,TRUE,image_away
021616_01,no-gaze,8_test,0.8245614035087719,0,0.16666666666666666,left,right,FALSE,image_away
021616_03,no-gaze,1_exposure,0.3103448275862069,0,0.16666666666666666,left,face,FALSE,image_away
021616_03,no-gaze,1_test,0.675,0,0.5666666666666667,face,left,TRUE,face_target
021616_03,no-gaze,10_exposure,0.4144144144144144,0,0.6333333333333333,face,left,FALSE,face_distracter
021616_03,no-gaze,10_test,0.4174757281553398,0,0.5666666666666667,face,left,TRUE,face_target
021616_03,no-gaze,11_exposure,0.3162393162393162,0,0.06666666666666667,left,face,FALSE,image_away
021616_03,no-gaze,11_test,0.5384615384615384,0,0.36666666666666664,face,left,FALSE,face_distracter
021616_03,no-gaze,14_exposure,0.4482758620689655,0,0.23333333333333334,face,left,TRUE,face_target
021616_03,no-gaze,14_test,0.46956521739130436,0,1.0666666666666667,left,right,FALSE,image_away
021616_03,no-gaze,15_exposure,0.1623931623931624,0,0.7333333333333333,face,left,TRUE,face_target
021616_03,no-gaze,15_test,0.4727272727272727,0,0.5666666666666667,face,left,TRUE,face_target
021616_03,no-gaze,16_exposure,0.2782608695652174,0,0.3,face,left,FALSE,face_distracter
021616_03,no-gaze,16_test,0.33613445378151263,0,0.5666666666666667,face,left,TRUE,face_target
021616_03,no-gaze,2_exposure,0.3050847457627119,0,1.1333333333333333,face,left,TRUE,face_target
021616_03,no-gaze,2_test,0.34513274336283184,0,1,face,right,FALSE,face_distracter
021616_03,no-gaze,3_exposure,0.2702702702702703,0,0.7666666666666667,face,right,TRUE,face_target
021616_03,no-gaze,3_test,0.6890756302521008,0,0.5333333333333333,face,right,TRUE,face_target
021616_03,no-gaze,4_exposure,0.5555555555555556,0,0.4666666666666667,face,left,FALSE,face_distracter
021616_03,no-gaze,4_test,0.4827586206896552,0,0.5,face,right,TRUE,face_target
021616_03,no-gaze,5_exposure,0.46788990825688076,0,0.5333333333333333,face,left,TRUE,face_target
021616_03,no-gaze,5_test,0.44339622641509435,0,0.5333333333333333,face,right,TRUE,face_target
021616_03,no-gaze,6_exposure,0.36885245901639346,0,0.3,face,left,FALSE,face_distracter
021616_03,no-gaze,6_test,0.3448275862068966,0,0.5666666666666667,right,left,FALSE,target_distracter
021616_03,no-gaze,7_exposure,0.15315315315315314,0,0.16666666666666666,left,face,FALSE,image_away
021616_03,no-gaze,7_test,0.7583333333333333,0,0.5,face,left,FALSE,face_distracter
021616_03,no-gaze,8_exposure,0.45132743362831856,0,0.8666666666666667,face,left,FALSE,face_distracter
021616_03,no-gaze,8_test,0.3247863247863248,0,0.6,face,left,TRUE,face_target
021616_04,gaze,1_exposure,0.1792452830188679,0.5377358490566038,0.7333333333333333,face,right,FALSE,face_distracter
021616_04,gaze,1_test,0.31683168316831684,0,0.36666666666666664,left,right,FALSE,image_away
021616_04,gaze,10_exposure,0.6608695652173913,0.6608695652173913,0.23333333333333334,left,right,TRUE,image_away
021616_04,gaze,10_test,0.31896551724137934,0,0.3,left,right,FALSE,image_away
021616_04,gaze,12_exposure,0.2079207920792079,0.7326732673267327,0.4,right,left,TRUE,distracter_target
021616_04,gaze,12_test,0.4,0,1.0333333333333334,left,right,TRUE,image_away
021616_04,gaze,13_exposure,0.3404255319148936,0.3617021276595745,0.36666666666666664,face,left,TRUE,face_target
021616_04,gaze,13_test,0.2743362831858407,0,0.4,left,right,FALSE,image_away
021616_04,gaze,15_exposure,0.6328125,0.6328125,0.3333333333333333,left,right,FALSE,image_away
021616_04,gaze,15_test,0.4155844155844156,0,0.2,left,right,FALSE,image_away
021616_04,gaze,16_exposure,0.4482758620689655,0.1896551724137931,0.3333333333333333,left,right,FALSE,image_away
021616_04,gaze,16_test,0.638095238095238,0,0.8666666666666667,left,right,FALSE,image_away
021616_04,gaze,2_exposure,0.2545454545454545,0.7454545454545455,0.3,right,left,FALSE,target_distracter
021616_04,gaze,2_test,0.6391752577319587,0,0.3333333333333333,left,right,TRUE,image_away
021616_04,gaze,3_exposure,0.8,0.8,0.23333333333333334,right,left,TRUE,distracter_target
021616_04,gaze,3_test,0.6869565217391305,0,0.3,left,right,TRUE,image_away
021616_04,gaze,5_exposure,0.30303030303030304,0.696969696969697,0.2,right,left,FALSE,target_distracter
021616_04,gaze,5_test,0.41818181818181815,0,0.3,left,right,FALSE,image_away
021616_04,gaze,7_exposure,0.33663366336633666,0.44554455445544555,0.26666666666666666,left,right,FALSE,image_away
021616_04,gaze,7_test,0.2967032967032967,0,0.3333333333333333,face,left,FALSE,face_distracter
021616_04,gaze,8_exposure,0.5185185185185185,0.5185185185185185,0.2,right,face,FALSE,image_face
021616_04,gaze,8_test,0.6491228070175439,0,0.3333333333333333,left,right,TRUE,image_away
021616_04,gaze,9_exposure,0.6818181818181818,0.6818181818181818,0.4666666666666667,left,right,TRUE,image_away
021616_04,gaze,9_test,0.7435897435897436,0,0.7333333333333333,left,right,FALSE,image_away
021716_01,gaze,1_exposure,0.14545454545454545,0.19090909090909092,0.6666666666666666,face,right,FALSE,face_distracter
021716_01,gaze,1_test,0.22321428571428573,0,0.8,face,right,FALSE,face_distracter
021716_01,gaze,10_exposure,0.7289719626168224,0.7289719626168224,0.5333333333333333,face,right,TRUE,face_target
021716_01,gaze,10_test,0.5188679245283019,0,0.3,face,left,TRUE,face_target
021716_01,gaze,12_exposure,0.11864406779661017,0.8813559322033898,0.6333333333333333,left,right,FALSE,image_away
021716_01,gaze,12_test,0.2777777777777778,0,0.9,right,left,FALSE,target_distracter
021716_01,gaze,13_exposure,0.27472527472527475,0.6373626373626373,0.4666666666666667,right,face,FALSE,image_face
021716_01,gaze,13_test,0.6435643564356436,0,0.5,face,left,TRUE,face_target
021716_01,gaze,15_exposure,0.39814814814814814,0.39814814814814814,0.2,face,left,TRUE,face_target
021716_01,gaze,15_test,0.7093023255813954,0,0.3,face,right,FALSE,face_distracter
021716_01,gaze,16_exposure,0.7596153846153846,0.04807692307692308,0.26666666666666666,face,left,TRUE,face_target
021716_01,gaze,16_test,0.5315315315315315,0,0.4,face,right,FALSE,face_distracter
021716_01,gaze,2_exposure,0,0.5256410256410257,0.4666666666666667,face,left,FALSE,face_distracter
021716_01,gaze,2_test,0.20689655172413793,0,0.23333333333333334,face,right,TRUE,face_target
021716_01,gaze,3_exposure,0.7920792079207921,0.7920792079207921,0.3,face,left,TRUE,face_target
021716_01,gaze,3_test,0.8260869565217391,0,0.5333333333333333,left,right,TRUE,image_away
021716_01,gaze,5_exposure,0.1559633027522936,0.6605504587155964,0.6,right,left,FALSE,target_distracter
021716_01,gaze,5_test,0.09821428571428571,0,0.3333333333333333,left,right,FALSE,image_away
021716_01,gaze,7_exposure,0.06779661016949153,0.5932203389830508,0.26666666666666666,face,left,TRUE,face_target
021716_01,gaze,7_test,0,0,0.5,left,face,FALSE,image_away
021716_01,gaze,8_exposure,0.5135135135135135,0.5135135135135135,0.3,face,left,FALSE,face_distracter
021716_01,gaze,8_test,0.8585858585858586,0,0.4,left,right,TRUE,image_away
021716_01,gaze,9_exposure,0.7913043478260869,0.7913043478260869,0.43333333333333335,left,face,FALSE,image_away
021716_01,gaze,9_test,1,0,NA,left,NA,NA,no_shift
021916_01,no-gaze,1_exposure,0.2857142857142857,0,2.2,face,left,TRUE,face_target
021916_01,no-gaze,1_test,0.6629213483146067,0,3.1,left,right,FALSE,image_away
021916_01,no-gaze,10_exposure,0.5087719298245614,0,0.7333333333333333,face,left,FALSE,face_distracter
021916_01,no-gaze,10_test,0.13392857142857142,0,0.3333333333333333,right,left,TRUE,distracter_target
021916_01,no-gaze,11_exposure,0.29310344827586204,0,0.2,face,left,TRUE,face_target
021916_01,no-gaze,11_test,0.21212121212121213,0,0.7666666666666667,left,right,TRUE,image_away
021916_01,no-gaze,14_exposure,0.20833333333333334,0,0.6666666666666666,left,right,FALSE,image_away
021916_01,no-gaze,14_test,0.3557692307692308,0,0.36666666666666664,left,face,FALSE,image_away
021916_01,no-gaze,15_exposure,0.2962962962962963,0,0.43333333333333335,left,right,FALSE,image_away
021916_01,no-gaze,15_test,0.24175824175824176,0,0.3,right,left,TRUE,distracter_target
021916_01,no-gaze,16_exposure,0.30392156862745096,0,0.6333333333333333,left,right,TRUE,image_away
021916_01,no-gaze,16_test,0.36538461538461536,0,0.5,left,right,FALSE,image_away
021916_01,no-gaze,2_exposure,0.6017699115044248,0,0.26666666666666666,face,left,TRUE,face_target
021916_01,no-gaze,2_test,0.06896551724137931,0,0.26666666666666666,left,right,FALSE,image_away
021916_01,no-gaze,3_exposure,0.5087719298245614,0,0.2,face,left,FALSE,face_distracter
021916_01,no-gaze,3_test,0.61,0,0.23333333333333334,face,left,FALSE,face_distracter
021916_01,no-gaze,4_exposure,0.7884615384615384,0,1.0333333333333334,left,face,FALSE,image_away
021916_01,no-gaze,4_test,0.12359550561797752,0,0.36666666666666664,left,right,TRUE,image_away
021916_01,no-gaze,5_exposure,0.3826086956521739,0,0.26666666666666666,face,left,TRUE,face_target
021916_01,no-gaze,5_test,0.3025210084033613,0,0.5,face,left,FALSE,face_distracter
021916_01,no-gaze,6_exposure,0.34782608695652173,0,0.36666666666666664,face,right,TRUE,face_target
021916_01,no-gaze,6_test,0.3865546218487395,0,0.23333333333333334,face,left,FALSE,face_distracter
021916_01,no-gaze,7_exposure,0.3008849557522124,0,0.23333333333333334,face,left,TRUE,face_target
021916_01,no-gaze,7_test,0.21649484536082475,0,0.9666666666666667,right,left,FALSE,target_distracter
021916_01,no-gaze,8_exposure,0.226890756302521,0,0.2,face,left,FALSE,face_distracter
021916_01,no-gaze,8_test,0.35714285714285715,0,0.7666666666666667,face,right,FALSE,face_distracter
021916_02,gaze,1_exposure,0.13392857142857142,0.8571428571428571,0.3,right,left,TRUE,distracter_target
021916_02,gaze,1_test,0.29914529914529914,0,0.2,right,left,TRUE,distracter_target
021916_02,gaze,10_exposure,0.7666666666666667,0.7666666666666667,0.43333333333333335,left,right,TRUE,image_away
021916_02,gaze,10_test,0.8636363636363636,0,0.23333333333333334,right,left,TRUE,distracter_target
021916_02,gaze,12_exposure,0.22413793103448276,0.5603448275862069,0.8333333333333334,face,right,FALSE,face_distracter
021916_02,gaze,12_test,0.1574074074074074,0,0.23333333333333334,left,right,TRUE,image_away
021916_02,gaze,13_exposure,0.6639344262295082,0.26229508196721313,0.5333333333333333,right,face,FALSE,image_face
021916_02,gaze,13_test,1,0,NA,left,NA,NA,no_shift
021916_02,gaze,15_exposure,0.8666666666666667,0.8666666666666667,0.36666666666666664,right,face,FALSE,image_face
021916_02,gaze,15_test,0.8415841584158416,0,2.533333333333333,left,right,FALSE,image_away
021916_02,gaze,16_exposure,0.5585585585585585,0.3333333333333333,1.7666666666666666,left,right,FALSE,image_away
021916_02,gaze,16_test,0.7777777777777778,0,0.23333333333333334,face,left,TRUE,face_target
021916_02,gaze,2_exposure,0.1,0.75,0.4,right,left,FALSE,target_distracter
021916_02,gaze,2_test,0.22608695652173913,0,0.36666666666666664,left,right,TRUE,image_away
021916_02,gaze,3_exposure,0.7899159663865546,0.7899159663865546,1.0666666666666667,left,face,FALSE,image_away
021916_02,gaze,3_test,0.6129032258064516,0,0.2,left,face,FALSE,image_away
021916_02,gaze,5_exposure,0.19672131147540983,0.8032786885245902,0.3333333333333333,right,left,FALSE,target_distracter
021916_02,gaze,5_test,0.16666666666666666,0,0.3333333333333333,left,right,FALSE,image_away
021916_02,gaze,7_exposure,0.29906542056074764,0.5887850467289719,0.4666666666666667,left,right,FALSE,image_away
021916_02,gaze,7_test,0.37719298245614036,0,0.3333333333333333,face,left,FALSE,face_distracter
021916_02,gaze,8_exposure,0.7983193277310925,0.7983193277310925,0.8,left,right,TRUE,image_away
021916_02,gaze,8_test,0.7815126050420168,0,0.5666666666666667,right,left,FALSE,target_distracter
021916_02,gaze,9_exposure,1,1,NA,right,NA,NA,no_shift
021916_02,gaze,9_test,0.8557692307692307,0,0.26666666666666666,right,left,TRUE,distracter_target
021916_03,no-gaze,1_exposure,0.4424778761061947,0,0.26666666666666666,face,left,TRUE,face_target
021916_03,no-gaze,1_test,0.8493150684931506,0,0.43333333333333335,left,right,FALSE,image_away
021916_03,no-gaze,10_exposure,0.4,0,0.8,left,right,TRUE,image_away
021916_03,no-gaze,10_test,0.7093023255813954,0,0.8333333333333334,left,right,FALSE,image_away
021916_03,no-gaze,11_exposure,0.22115384615384615,0,0.43333333333333335,left,face,FALSE,image_away
021916_03,no-gaze,11_test,0.07627118644067797,0,0.26666666666666666,right,face,FALSE,image_face
021916_03,no-gaze,14_exposure,0.46551724137931033,0,0.4666666666666667,left,face,FALSE,image_away
021916_03,no-gaze,14_test,0.7238095238095238,0,2.566666666666667,left,face,FALSE,image_away
021916_03,no-gaze,15_exposure,0.43243243243243246,0,0.4,left,right,FALSE,image_away
021916_03,no-gaze,15_test,0.6864406779661016,0,1.2666666666666666,face,left,TRUE,face_target
021916_03,no-gaze,16_exposure,0.3269230769230769,0,0.43333333333333335,left,face,FALSE,image_away
021916_03,no-gaze,16_test,0.6138613861386139,0,0.7666666666666667,left,right,FALSE,image_away
021916_03,no-gaze,2_exposure,0.6833333333333333,0,0.6,left,right,FALSE,image_away
021916_03,no-gaze,2_test,1,0,NA,left,NA,NA,no_shift
021916_03,no-gaze,3_exposure,0,0,1.6666666666666667,face,left,FALSE,face_distracter
021916_03,no-gaze,3_test,0.125,0,0.4,left,face,FALSE,image_away
021916_03,no-gaze,4_exposure,0.15517241379310345,0,0.26666666666666666,face,left,FALSE,face_distracter
021916_03,no-gaze,4_test,0.3829787234042553,0,0.5666666666666667,left,face,FALSE,image_away
021916_03,no-gaze,5_exposure,0.2782608695652174,0,0.2,right,left,TRUE,distracter_target
021916_03,no-gaze,5_test,0.27522935779816515,0,0.26666666666666666,face,right,TRUE,face_target
021916_03,no-gaze,6_exposure,0.34234234234234234,0,1.5,face,left,FALSE,face_distracter
021916_03,no-gaze,6_test,0.24705882352941178,0,0.5,right,left,FALSE,target_distracter
021916_03,no-gaze,7_exposure,0.8095238095238095,0,1.0666666666666667,left,face,FALSE,image_away
021916_03,no-gaze,7_test,0.42201834862385323,0,0.43333333333333335,left,right,TRUE,image_away
021916_03,no-gaze,8_exposure,0.25688073394495414,0,0.6333333333333333,left,face,FALSE,image_away
021916_03,no-gaze,8_test,0.28695652173913044,0,0.4666666666666667,left,right,FALSE,image_away
021916_04,gaze,1_exposure,0.0625,0.9270833333333334,0.6,left,right,FALSE,image_away
021916_04,gaze,1_test,0.47126436781609193,0,0.3333333333333333,right,left,TRUE,distracter_target
021916_04,gaze,10_exposure,0.8114754098360656,0.8114754098360656,3.2333333333333334,right,left,FALSE,target_distracter
021916_04,gaze,10_test,0.8524590163934426,0,0.36666666666666664,right,left,TRUE,distracter_target
021916_04,gaze,12_exposure,0.08264462809917356,0.9173553719008265,0.6,right,left,TRUE,distracter_target
021916_04,gaze,12_test,0.5,0,0.26666666666666666,right,left,FALSE,target_distracter
021916_04,gaze,13_exposure,0.07627118644067797,0.8728813559322034,0.36666666666666664,right,left,TRUE,distracter_target
021916_04,gaze,13_test,0.49193548387096775,0,0.23333333333333334,right,left,TRUE,distracter_target
021916_04,gaze,15_exposure,1,1,NA,left,NA,NA,no_shift
021916_04,gaze,15_test,1,0,NA,left,NA,NA,no_shift
021916_04,gaze,16_exposure,0.5981308411214953,0.40186915887850466,0.8666666666666667,left,right,FALSE,image_away
021916_04,gaze,16_test,1,0,NA,left,NA,NA,no_shift
021916_04,gaze,2_exposure,0,1,NA,left,NA,NA,no_shift
021916_04,gaze,2_test,0.3482142857142857,0,0.4666666666666667,left,right,TRUE,image_away
021916_04,gaze,3_exposure,0.5180722891566265,0.5180722891566265,0.6666666666666666,left,face,FALSE,image_away
021916_04,gaze,3_test,0.4482758620689655,0,0.26666666666666666,right,left,FALSE,target_distracter
021916_04,gaze,5_exposure,0.06930693069306931,0.8316831683168316,0.6333333333333333,left,face,FALSE,image_away
021916_04,gaze,5_test,0.28695652173913044,0,0.5333333333333333,left,right,FALSE,image_away
021916_04,gaze,7_exposure,0.5,0.5,0.26666666666666666,right,left,TRUE,distracter_target
021916_04,gaze,7_test,0.5081967213114754,0,2.066666666666667,right,left,FALSE,target_distracter
021916_04,gaze,8_exposure,0.646551724137931,0.646551724137931,0.7333333333333333,left,right,TRUE,image_away
021916_04,gaze,8_test,0.9732142857142857,0,0.9666666666666667,right,face,FALSE,image_face
021916_04,gaze,9_exposure,0.8448275862068966,0.8448275862068966,0.6,left,right,TRUE,image_away
021916_04,gaze,9_test,0.9344262295081968,0,0.3,face,left,TRUE,face_target
021916_05,no-gaze,1_exposure,0.2191780821917808,0,0.26666666666666666,face,left,TRUE,face_target
021916_05,no-gaze,1_test,0.05555555555555555,0,0.5,left,right,FALSE,image_away
021916_05,no-gaze,10_exposure,0.8490566037735849,0,0.4666666666666667,right,left,FALSE,target_distracter
021916_05,no-gaze,10_test,0.2,0,0.26666666666666666,left,right,FALSE,image_away
021916_05,no-gaze,11_exposure,0.04225352112676056,0,0.8,left,right,FALSE,image_away
021916_05,no-gaze,11_test,0.6,0,0.6,left,right,TRUE,image_away
021916_05,no-gaze,14_exposure,0.03614457831325301,0,1.1333333333333333,face,right,FALSE,face_distracter
021916_05,no-gaze,14_test,0.15853658536585366,0,0.16666666666666666,left,face,FALSE,image_away
021916_05,no-gaze,15_exposure,0.09375,0,0.23333333333333334,face,left,TRUE,face_target
021916_05,no-gaze,15_test,0.10126582278481013,0,0.36666666666666664,left,right,FALSE,image_away
021916_05,no-gaze,16_exposure,0.9245283018867925,0,0.5666666666666667,left,right,TRUE,image_away
021916_05,no-gaze,16_test,0.016666666666666666,0,0.26666666666666666,left,right,FALSE,image_away
021916_05,no-gaze,2_exposure,0.02702702702702703,0,0.7333333333333333,face,left,TRUE,face_target
021916_05,no-gaze,2_test,0.05,0,0.23333333333333334,right,left,TRUE,distracter_target
021916_05,no-gaze,3_exposure,0.6885245901639344,0,0.5666666666666667,left,right,TRUE,image_away
021916_05,no-gaze,3_test,0.7272727272727273,0,0.6333333333333333,left,right,TRUE,image_away
021916_05,no-gaze,4_exposure,0.896551724137931,0,0.3333333333333333,left,right,TRUE,image_away
021916_05,no-gaze,4_test,0.6190476190476191,0,0.3,right,left,FALSE,target_distracter
021916_05,no-gaze,5_exposure,0.08928571428571429,0,0.16666666666666666,face,left,TRUE,face_target
021916_05,no-gaze,5_test,0.6818181818181818,0,0.36666666666666664,right,left,FALSE,target_distracter
021916_05,no-gaze,6_exposure,1,0,NA,right,NA,NA,no_shift
021916_05,no-gaze,6_test,0.8876404494382022,0,0.3333333333333333,right,left,FALSE,target_distracter
021916_05,no-gaze,7_exposure,0.10227272727272728,0,0.2,left,face,FALSE,image_away
021916_05,no-gaze,7_test,0.35714285714285715,0,0.3,left,right,TRUE,image_away
021916_05,no-gaze,8_exposure,0.8936170212765957,0,0.5666666666666667,left,right,TRUE,image_away
021916_05,no-gaze,8_test,0.1794871794871795,0,0.23333333333333334,right,left,TRUE,distracter_target
021916_06,gaze,1_exposure,0.07,0.92,0.4666666666666667,left,right,FALSE,image_away
021916_06,gaze,1_test,0.3333333333333333,0,0.23333333333333334,right,left,TRUE,distracter_target
021916_06,gaze,10_exposure,0.7192982456140351,0.7192982456140351,1.1,right,face,FALSE,image_face
021916_06,gaze,10_test,0.9444444444444444,0,0.5333333333333333,right,left,TRUE,distracter_target
021916_06,gaze,12_exposure,0.1592920353982301,0.8407079646017699,0.7666666666666667,left,right,FALSE,image_away
021916_06,gaze,12_test,0.27586206896551724,0,0.3,right,left,FALSE,target_distracter
021916_06,gaze,13_exposure,0.3217391304347826,0.6782608695652174,0.7333333333333333,left,right,FALSE,image_away
021916_06,gaze,13_test,0.9347826086956522,0,0.8,left,right,FALSE,image_away
021916_06,gaze,15_exposure,0.6981132075471698,0.6981132075471698,0.4,left,right,FALSE,image_away
021916_06,gaze,15_test,0.782608695652174,0,0.23333333333333334,right,left,TRUE,distracter_target
021916_06,gaze,16_exposure,1,0,NA,left,NA,NA,no_shift
021916_06,gaze,16_test,0.9504950495049505,0,0.26666666666666666,left,right,FALSE,image_away
021916_06,gaze,2_exposure,0.017391304347826087,0.9826086956521739,3.1333333333333333,left,right,TRUE,image_away
021916_06,gaze,2_test,0.8632478632478633,0,0.26666666666666666,left,right,TRUE,image_away
021916_06,gaze,3_exposure,0.75,0.75,0.5,right,left,TRUE,distracter_target
021916_06,gaze,3_test,0.865546218487395,0,0.23333333333333334,left,right,TRUE,image_away
021916_06,gaze,5_exposure,0.10989010989010989,0.8131868131868132,0.36666666666666664,right,left,FALSE,target_distracter
021916_06,gaze,5_test,0.8811881188118812,0,0.23333333333333334,left,right,FALSE,image_away
021916_06,gaze,7_exposure,0.1592920353982301,0.8230088495575221,0.3333333333333333,right,left,TRUE,distracter_target
021916_06,gaze,7_test,0.3181818181818182,0,0.26666666666666666,right,left,FALSE,target_distracter
021916_06,gaze,8_exposure,0.6981132075471698,0.6981132075471698,0.36666666666666664,right,left,FALSE,target_distracter
021916_06,gaze,8_test,0.8706896551724138,0,0.3,right,left,FALSE,target_distracter
021916_06,gaze,9_exposure,0.9508196721311475,0.9508196721311475,0.23333333333333334,left,right,TRUE,image_away
021916_06,gaze,9_test,0.9130434782608695,0,0.6,left,right,FALSE,image_away
021916_07,no-gaze,1_exposure,0.3333333333333333,0,0.8666666666666667,face,right,FALSE,face_distracter
021916_07,no-gaze,1_test,0,0,NA,face,NA,NA,no_shift
021916_07,no-gaze,10_exposure,0.4,0,0.5,face,right,TRUE,face_target
021916_07,no-gaze,10_test,0,0,1.2333333333333334,face,right,FALSE,face_distracter
021916_07,no-gaze,11_exposure,0.5862068965517241,0,0.4,left,right,FALSE,image_away
021916_07,no-gaze,11_test,0.07216494845360824,0,1.9,left,right,TRUE,image_away
021916_07,no-gaze,14_exposure,0.21100917431192662,0,0.7333333333333333,left,right,FALSE,image_away
021916_07,no-gaze,14_test,0.03333333333333333,0,0.36666666666666664,face,left,TRUE,face_target
021916_07,no-gaze,15_exposure,0.25217391304347825,0,1.3,face,left,TRUE,face_target
021916_07,no-gaze,15_test,0.44166666666666665,0,0.9,face,right,FALSE,face_distracter
021916_07,no-gaze,16_exposure,0.38461538461538464,0,1.7333333333333334,right,left,FALSE,target_distracter
021916_07,no-gaze,16_test,1,0,NA,left,NA,NA,no_shift
021916_07,no-gaze,2_test,0.16161616161616163,0,1,left,right,FALSE,image_away
021916_07,no-gaze,3_exposure,0.1487603305785124,0,0.5,face,left,FALSE,face_distracter
021916_07,no-gaze,3_test,0.23076923076923078,0,0.26666666666666666,face,left,FALSE,face_distracter
021916_07,no-gaze,4_exposure,0.375,0,0.6666666666666666,face,right,TRUE,face_target
021916_07,no-gaze,4_test,0.9166666666666666,0,1.1666666666666667,right,left,FALSE,target_distracter
021916_07,no-gaze,5_exposure,0.11864406779661017,0,0.8666666666666667,face,left,TRUE,face_target
021916_07,no-gaze,5_test,0.09,0,0.9333333333333333,face,right,TRUE,face_target
021916_07,no-gaze,6_exposure,0.3888888888888889,0,0.26666666666666666,right,left,FALSE,target_distracter
021916_07,no-gaze,6_test,0.9696969696969697,0,2.533333333333333,right,face,FALSE,image_face
021916_07,no-gaze,7_exposure,0,0,NA,face,NA,NA,no_shift
021916_07,no-gaze,7_test,0,0,NA,face,NA,NA,no_shift
021916_07,no-gaze,8_exposure,0.4230769230769231,0,0.36666666666666664,right,left,FALSE,target_distracter
021916_07,no-gaze,8_test,0.9326923076923077,0,0.7,right,left,TRUE,distracter_target
021916_08,gaze,1_exposure,0,0.8611111111111112,0.5333333333333333,face,right,FALSE,face_distracter
021916_08,gaze,1_test,0.3853211009174312,0,0.4,left,right,FALSE,image_away
021916_08,gaze,10_exposure,0.8198198198198198,0.8198198198198198,0.16666666666666666,left,face,FALSE,image_away
021916_08,gaze,10_test,0.5779816513761468,0,0.2,left,face,FALSE,image_away
021916_08,gaze,12_exposure,0.07547169811320754,0.5377358490566038,0.6,face,right,FALSE,face_distracter
021916_08,gaze,12_test,0.44036697247706424,0,0.5333333333333333,face,right,TRUE,face_target
021916_08,gaze,13_exposure,0.1188118811881188,0.7029702970297029,0.43333333333333335,left,face,FALSE,image_away
021916_08,gaze,13_test,0.22123893805309736,0,0.06666666666666667,left,face,FALSE,image_away
021916_08,gaze,15_exposure,0.8,0.8,0.36666666666666664,left,face,FALSE,image_away
021916_08,gaze,15_test,0.4830508474576271,0,0.8666666666666667,face,left,TRUE,face_target
021916_08,gaze,16_exposure,0.8305084745762712,0,0.23333333333333334,left,face,FALSE,image_away
021916_08,gaze,16_test,0.6302521008403361,0,0.23333333333333334,face,left,TRUE,face_target
021916_08,gaze,2_exposure,0.056910569105691054,0.7967479674796748,0.2,face,left,FALSE,face_distracter
021916_08,gaze,2_test,0.37606837606837606,0,0.36666666666666664,left,right,TRUE,image_away
021916_08,gaze,3_exposure,0.7924528301886793,0.7924528301886793,0.5,face,left,TRUE,face_target
021916_08,gaze,3_test,0.6666666666666666,0,0.16666666666666666,left,face,FALSE,image_away
021916_08,gaze,5_exposure,0.06666666666666667,0.8583333333333333,0.26666666666666666,left,face,FALSE,image_away
021916_08,gaze,5_test,0.11607142857142858,0,0.3,face,left,TRUE,face_target
021916_08,gaze,7_exposure,0.03508771929824561,0.9035087719298246,0.26666666666666666,left,face,FALSE,image_away
021916_08,gaze,7_test,0.21428571428571427,0,0.7,left,right,TRUE,image_away
021916_08,gaze,8_exposure,0.7232142857142857,0.7232142857142857,0.6666666666666666,face,right,TRUE,face_target
021916_08,gaze,8_test,0.7425742574257426,0,0.6666666666666666,face,right,TRUE,face_target
021916_08,gaze,9_exposure,0.8095238095238095,0.8095238095238095,0.6,left,right,TRUE,image_away
021916_08,gaze,9_test,1,0,NA,left,NA,NA,no_shift
051216_04,no-gaze,1_exposure,0.3898305084745763,0,1.4,face,left,TRUE,face_target
051216_04,no-gaze,1_test,0,0,NA,face,NA,NA,no_shift
051216_04,no-gaze,10_exposure,0,0,1.5,face,left,FALSE,face_distracter
051216_04,no-gaze,10_test,0.1,0,0.26666666666666666,face,left,TRUE,face_target
051216_04,no-gaze,11_exposure,0.175,0,1.9,left,right,FALSE,image_away
051216_04,no-gaze,11_test,0.34959349593495936,0,1,right,left,FALSE,target_distracter
051216_04,no-gaze,14_exposure,0.5647058823529412,0,0.6333333333333333,face,left,TRUE,face_target
051216_04,no-gaze,15_exposure,0.21818181818181817,0,0.4,face,left,TRUE,face_target
051216_04,no-gaze,15_test,0.11504424778761062,0,3.6333333333333333,face,left,TRUE,face_target
051216_04,no-gaze,16_exposure,0,0,3.7,left,face,FALSE,image_away
051216_04,no-gaze,16_test,0.21428571428571427,0,3.066666666666667,face,right,FALSE,face_distracter
051216_04,no-gaze,2_exposure,0.09649122807017543,0,1.9333333333333333,face,right,FALSE,face_distracter
051216_04,no-gaze,2_test,0.08695652173913043,0,3.5,face,left,TRUE,face_target
051216_04,no-gaze,3_exposure,0.226890756302521,0,1.2333333333333334,face,left,FALSE,face_distracter
051216_04,no-gaze,3_test,0.25,0,0.36666666666666664,face,left,FALSE,face_distracter
051216_04,no-gaze,4_exposure,0.1650485436893204,0,1.8666666666666667,left,right,TRUE,image_away
051216_04,no-gaze,4_test,0.09345794392523364,0,0.9666666666666667,face,left,FALSE,face_distracter
051216_04,no-gaze,5_exposure,0.21367521367521367,0,0.3333333333333333,face,left,TRUE,face_target
051216_04,no-gaze,5_test,0.08695652173913043,0,0.6,face,left,FALSE,face_distracter
051216_04,no-gaze,6_exposure,0.6956521739130435,0,1.3333333333333333,left,right,TRUE,image_away
051216_04,no-gaze,6_test,0.21487603305785125,0,0.43333333333333335,right,left,FALSE,target_distracter
051216_04,no-gaze,7_exposure,0.14285714285714285,0,1.6666666666666667,face,left,TRUE,face_target
051216_04,no-gaze,7_test,0,0,2.2666666666666666,face,left,FALSE,face_distracter
051216_04,no-gaze,8_exposure,0.42857142857142855,0,2.3333333333333335,left,face,FALSE,image_away
051216_04,no-gaze,8_test,0,0,2.9,face,right,FALSE,face_distracter
051716_01,gaze,1_exposure,0.2,0.08333333333333333,1.2666666666666666,face,right,FALSE,face_distracter
051716_01,gaze,1_test,0,0,2.5,face,right,FALSE,face_distracter
051716_01,gaze,10_exposure,0,0,1.4666666666666666,face,left,FALSE,face_distracter
051716_01,gaze,10_test,0,0,NA,face,NA,NA,no_shift
051716_01,gaze,12_exposure,0.5166666666666667,0.1,0.9333333333333333,face,right,FALSE,face_distracter
051716_01,gaze,12_test,0,0,NA,face,NA,NA,no_shift
051716_01,gaze,13_exposure,0.09090909090909091,0.05454545454545454,2.3,face,right,FALSE,face_distracter
051716_01,gaze,13_test,0,0,NA,face,NA,NA,no_shift
051716_01,gaze,15_exposure,0.4166666666666667,0.4166666666666667,1.3,face,left,TRUE,face_target
051716_01,gaze,15_test,0,0,2.6666666666666665,face,right,FALSE,face_distracter
051716_01,gaze,16_exposure,0.21052631578947367,0,0.7333333333333333,face,left,TRUE,face_target
051716_01,gaze,16_test,0,0,NA,face,NA,NA,no_shift
051716_01,gaze,2_exposure,0,0.5789473684210527,1.1,face,left,FALSE,face_distracter
051716_01,gaze,2_test,0,0,NA,face,NA,NA,no_shift
051716_01,gaze,3_exposure,0.08333333333333333,0.08333333333333333,0.8333333333333334,face,left,TRUE,face_target
051716_01,gaze,3_test,0.16129032258064516,0,2.6666666666666665,face,right,TRUE,face_target
051716_01,gaze,5_exposure,0,0.23076923076923078,3,face,left,FALSE,face_distracter
051716_01,gaze,5_test,0,0,NA,face,NA,NA,no_shift
051716_01,gaze,7_exposure,0.1724137931034483,0.1724137931034483,0.6666666666666666,face,right,FALSE,face_distracter
051716_01,gaze,7_test,0.06,0,1.8666666666666667,face,right,TRUE,face_target
051716_01,gaze,8_exposure,0.25,0.25,0.3333333333333333,face,right,TRUE,face_target
051716_01,gaze,8_test,0,0,NA,face,NA,NA,no_shift
051716_01,gaze,9_exposure,0.13333333333333333,0.13333333333333333,1.1666666666666667,face,right,TRUE,face_target
051716_01,gaze,9_test,0,0,NA,face,NA,NA,no_shift
051716_02,no-gaze,1_exposure,0.8442622950819673,0,1.1,left,right,FALSE,image_away
051716_02,no-gaze,1_test,1,0,NA,left,NA,NA,no_shift
051716_02,no-gaze,10_exposure,0.6296296296296297,0,0.4,right,face,FALSE,image_face
051716_02,no-gaze,10_test,0.8673469387755102,0,0.7,right,left,TRUE,distracter_target
051716_02,no-gaze,11_exposure,0.4049586776859504,0,0.6,left,right,FALSE,image_away
051716_02,no-gaze,11_test,0.4482758620689655,0,0.8666666666666667,right,left,FALSE,target_distracter
051716_02,no-gaze,14_exposure,0.23333333333333334,0,0.4,left,face,FALSE,image_away
051716_02,no-gaze,14_test,0.8055555555555556,0,0.5333333333333333,left,right,FALSE,image_away
051716_02,no-gaze,15_exposure,0.30578512396694213,0,1.5333333333333334,right,left,TRUE,distracter_target
051716_02,no-gaze,15_test,0.8235294117647058,0,0.13333333333333333,left,face,FALSE,image_away
051716_02,no-gaze,16_exposure,0.5268817204301075,0,0.7,left,right,TRUE,image_away
051716_02,no-gaze,16_test,0.9285714285714286,0,0.3,right,left,TRUE,distracter_target
051716_02,no-gaze,2_exposure,0.6229508196721312,0,0.5333333333333333,right,face,FALSE,image_face
051716_02,no-gaze,2_test,0.9180327868852459,0,0.3333333333333333,left,right,FALSE,image_away
051716_02,no-gaze,3_exposure,0.11504424778761062,0,2.1333333333333333,face,right,TRUE,face_target
051716_02,no-gaze,3_test,0.4957983193277311,0,0.3,left,right,TRUE,image_away
051716_02,no-gaze,4_exposure,0.6016949152542372,0,0.6666666666666666,left,right,TRUE,image_away
051716_02,no-gaze,4_test,0.896551724137931,0,0.26666666666666666,right,left,FALSE,target_distracter
051716_02,no-gaze,5_exposure,0.5126050420168067,0,0.6,left,right,FALSE,image_away
051716_02,no-gaze,5_test,0.9145299145299145,0,0.3,left,right,TRUE,image_away
051716_02,no-gaze,6_exposure,0.4117647058823529,0,1.1666666666666667,right,left,FALSE,target_distracter
051716_02,no-gaze,6_test,0.8888888888888888,0,0.4,right,left,FALSE,target_distracter
051716_02,no-gaze,7_exposure,0.5702479338842975,0,0.5,right,face,FALSE,image_face
051716_02,no-gaze,7_test,0.9349593495934959,0,0.26666666666666666,left,right,TRUE,image_away
051716_02,no-gaze,8_exposure,0.43859649122807015,0,0.6333333333333333,right,left,FALSE,target_distracter
051716_02,no-gaze,8_test,0.6347826086956522,0,0.8666666666666667,left,right,FALSE,image_away
051716_03,gaze,1_exposure,0.18181818181818182,0.7954545454545454,0.7333333333333333,left,right,FALSE,image_away
051716_03,gaze,1_test,0.2,0,0.06666666666666667,right,face,FALSE,image_face
051716_03,gaze,10_exposure,0.7739130434782608,0.7739130434782608,0.23333333333333334,face,left,FALSE,face_distracter
051716_03,gaze,10_test,1,0,NA,left,NA,NA,no_shift
051716_03,gaze,12_exposure,0.1694915254237288,0.7711864406779662,0.3333333333333333,right,left,TRUE,distracter_target
051716_03,gaze,12_test,0.23711340206185566,0,0.13333333333333333,right,face,FALSE,image_face
051716_03,gaze,13_exposure,0.10526315789473684,0.8771929824561403,0.6666666666666666,left,right,FALSE,image_away
051716_03,gaze,13_test,0.09917355371900827,0,0.6,right,left,TRUE,distracter_target
051716_03,gaze,15_exposure,0.7058823529411765,0.7058823529411765,1.1666666666666667,face,left,TRUE,face_target
051716_03,gaze,15_test,1,0,NA,left,NA,NA,no_shift
051716_03,gaze,16_exposure,0.8760330578512396,0.11570247933884298,0.26666666666666666,right,face,FALSE,image_face
051716_03,gaze,16_test,1,0,NA,left,NA,NA,no_shift
051716_03,gaze,2_exposure,0.11428571428571428,0.8476190476190476,1.2333333333333334,left,face,FALSE,image_away
051716_03,gaze,2_test,0.8256880733944955,0,0.26666666666666666,left,right,TRUE,image_away
051716_03,gaze,3_exposure,0.7083333333333334,0.7083333333333334,0.3333333333333333,left,right,FALSE,image_away
051716_03,gaze,3_test,0.8727272727272727,0,0.3,left,right,TRUE,image_away
051716_03,gaze,5_exposure,0.008547008547008548,0.9401709401709402,0.23333333333333334,right,left,FALSE,target_distracter
051716_03,gaze,5_test,0.9795918367346939,0,4.033333333333333,left,right,FALSE,image_away
051716_03,gaze,7_exposure,0.008403361344537815,0.7647058823529411,1.0333333333333334,face,left,TRUE,face_target
051716_03,gaze,7_test,0.19008264462809918,0,0.8,right,left,FALSE,target_distracter
051716_03,gaze,8_exposure,0.680672268907563,0.680672268907563,0.5666666666666667,face,right,TRUE,face_target
051716_03,gaze,8_test,0.9203539823008849,0,0.4666666666666667,right,left,FALSE,target_distracter
051716_03,gaze,9_exposure,0.20869565217391303,0.20869565217391303,0.36666666666666664,right,left,FALSE,target_distracter
051716_03,gaze,9_test,0.7477477477477478,0,0.16666666666666666,face,left,TRUE,face_target
051716_04,no-gaze,1_exposure,0.46788990825688076,0,0.26666666666666666,face,left,TRUE,face_target
051716_04,no-gaze,1_test,0.5252525252525253,0,2.066666666666667,left,face,FALSE,image_away
051716_04,no-gaze,10_exposure,0.2719298245614035,0,0.6,face,left,FALSE,face_distracter
051716_04,no-gaze,10_test,0.4491525423728814,0,0.3,right,left,TRUE,distracter_target
051716_04,no-gaze,11_exposure,0.23636363636363636,0,0.3,face,right,FALSE,face_distracter
051716_04,no-gaze,11_test,0.3305084745762712,0,0.23333333333333334,face,left,FALSE,face_distracter
051716_04,no-gaze,14_exposure,0.6460176991150443,0,0.23333333333333334,face,left,TRUE,face_target
051716_04,no-gaze,14_test,0.5,0,0.9333333333333333,left,right,FALSE,image_away
051716_04,no-gaze,15_exposure,0.5950413223140496,0,0.4666666666666667,face,left,TRUE,face_target
051716_04,no-gaze,15_test,0.4782608695652174,0,0.16666666666666666,left,face,FALSE,image_away
051716_04,no-gaze,16_exposure,0.35185185185185186,0,0.36666666666666664,face,right,TRUE,face_target
051716_04,no-gaze,16_test,0.5398230088495575,0,0.3333333333333333,face,right,FALSE,face_distracter
051716_04,no-gaze,2_exposure,0.4818181818181818,0,0.4666666666666667,left,right,FALSE,image_away
051716_04,no-gaze,2_test,0.5446428571428571,0,0.5666666666666667,left,right,FALSE,image_away
051716_04,no-gaze,3_exposure,0.28448275862068967,0,0.3,face,left,FALSE,face_distracter
051716_04,no-gaze,3_test,0.2916666666666667,0,0.23333333333333334,face,left,FALSE,face_distracter
051716_04,no-gaze,4_exposure,0.34710743801652894,0,0.36666666666666664,face,left,FALSE,face_distracter
051716_04,no-gaze,4_test,0.42857142857142855,0,0.23333333333333334,face,left,FALSE,face_distracter
051716_04,no-gaze,5_exposure,0.40336134453781514,0,0.36666666666666664,face,right,FALSE,face_distracter
051716_04,no-gaze,5_test,0.3148148148148148,0,0.23333333333333334,face,left,FALSE,face_distracter
051716_04,no-gaze,6_exposure,0.28695652173913044,0,0.2,face,left,FALSE,face_distracter
051716_04,no-gaze,6_test,0.3177570093457944,0,0.6,face,right,TRUE,face_target
051716_04,no-gaze,7_exposure,0.35135135135135137,0,0.4,face,right,FALSE,face_distracter
051716_04,no-gaze,7_test,0.35344827586206895,0,0.23333333333333334,face,left,FALSE,face_distracter
051716_04,no-gaze,8_exposure,0.3130434782608696,0,0.26666666666666666,face,left,FALSE,face_distracter
051716_04,no-gaze,8_test,0.37623762376237624,0,1.4333333333333333,left,right,FALSE,image_away
051716_05,gaze,1_exposure,0.42857142857142855,0.4117647058823529,0.6,left,right,FALSE,image_away
051716_05,gaze,1_test,0.625,0,0.26666666666666666,left,face,FALSE,image_away
051716_05,gaze,10_exposure,0.8878504672897196,0.8878504672897196,0.43333333333333335,right,left,FALSE,target_distracter
051716_05,gaze,10_test,0.75,0,0.5666666666666667,left,face,FALSE,image_away
051716_05,gaze,12_exposure,0.13445378151260504,0.773109243697479,0.5333333333333333,left,right,FALSE,image_away
051716_05,gaze,12_test,0.375,0,0.3333333333333333,right,left,FALSE,target_distracter
051716_05,gaze,13_exposure,0.14049586776859505,0.6363636363636364,0.16666666666666666,left,face,FALSE,image_away
051716_05,gaze,13_test,0.4796747967479675,0,0.23333333333333334,left,right,FALSE,image_away
051716_05,gaze,15_exposure,0.6176470588235294,0.6176470588235294,0.43333333333333335,left,right,FALSE,image_away
051716_05,gaze,15_test,0.7333333333333333,0,0.3,right,left,TRUE,distracter_target
051716_05,gaze,16_exposure,0.3543307086614173,0.47244094488188976,0.7,right,left,TRUE,distracter_target
051716_05,gaze,16_test,0.5980392156862745,0,0.3333333333333333,right,left,TRUE,distracter_target
051716_05,gaze,2_exposure,0.09649122807017543,0.8245614035087719,0.16666666666666666,right,left,FALSE,target_distracter
051716_05,gaze,2_test,0.3305785123966942,0,0.23333333333333334,left,right,TRUE,image_away
051716_05,gaze,3_exposure,0.872,0.872,0.23333333333333334,left,right,FALSE,image_away
051716_05,gaze,3_test,0.7924528301886793,0,0.23333333333333334,right,left,FALSE,target_distracter
051716_05,gaze,5_exposure,0.2,0.6666666666666666,0.36666666666666664,left,right,TRUE,image_away
051716_05,gaze,5_test,0.32456140350877194,0,0.23333333333333334,face,left,TRUE,face_target
051716_05,gaze,7_exposure,0.0625,0.7410714285714286,0.5333333333333333,left,right,FALSE,image_away
051716_05,gaze,7_test,0.21551724137931033,0,0.23333333333333334,right,left,FALSE,target_distracter
051716_05,gaze,8_exposure,0.775,0.775,0.6,left,right,TRUE,image_away
051716_05,gaze,8_test,0.5315315315315315,0,0.3,right,left,FALSE,target_distracter
051716_05,gaze,9_exposure,0.7704918032786885,0.7704918032786885,0.4666666666666667,left,right,TRUE,image_away
051716_05,gaze,9_test,0.8508771929824561,0,0.36666666666666664,left,right,FALSE,image_away
051716_06,no-gaze,1_exposure,0.5238095238095238,0,0.4,left,right,FALSE,image_away
051716_06,no-gaze,1_test,1,0,NA,left,NA,NA,no_shift
051716_06,no-gaze,10_exposure,0.45098039215686275,0,0.5333333333333333,right,left,FALSE,target_distracter
051716_06,no-gaze,10_test,0.78125,0,0.26666666666666666,left,right,FALSE,image_away
051716_06,no-gaze,11_exposure,0.29545454545454547,0,0.26666666666666666,left,right,FALSE,image_away
051716_06,no-gaze,11_test,0.7361111111111112,0,0.5,right,left,FALSE,target_distracter
051716_06,no-gaze,14_exposure,0.20634920634920634,0,1.4666666666666666,right,left,TRUE,distracter_target
051716_06,no-gaze,14_test,0.7450980392156863,0,0.06666666666666667,right,face,FALSE,image_face
051716_06,no-gaze,15_exposure,0.2537313432835821,0,0.26666666666666666,left,right,FALSE,image_away
051716_06,no-gaze,15_test,0.9534883720930233,0,3.3666666666666667,left,right,FALSE,image_away
051716_06,no-gaze,16_exposure,0.3445378151260504,0,0.23333333333333334,right,left,FALSE,target_distracter
051716_06,no-gaze,16_test,0.8469387755102041,0,0.4666666666666667,left,right,FALSE,image_away
051716_06,no-gaze,2_exposure,0.2553191489361702,0,0.7,right,face,FALSE,image_face
051716_06,no-gaze,2_test,0.987012987012987,0,0.6333333333333333,left,face,FALSE,image_away
051716_06,no-gaze,3_exposure,0.5742574257425742,0,0.3,left,face,FALSE,image_away
051716_06,no-gaze,3_test,0.5604395604395604,0,0.23333333333333334,left,right,TRUE,image_away
051716_06,no-gaze,4_exposure,0.30612244897959184,0,0.4,left,right,TRUE,image_away
051716_06,no-gaze,4_test,0.8823529411764706,0,0.26666666666666666,face,right,TRUE,face_target
051716_06,no-gaze,5_exposure,0.42105263157894735,0,0.23333333333333334,right,left,TRUE,distracter_target
051716_06,no-gaze,5_test,0.7764705882352941,0,0.8333333333333334,right,face,FALSE,image_face
051716_06,no-gaze,6_exposure,0.3898305084745763,0,0.6666666666666666,face,right,TRUE,face_target
051716_06,no-gaze,6_test,0.2826086956521739,0,0.36666666666666664,left,face,FALSE,image_away
051716_06,no-gaze,7_exposure,0.12987012987012986,0,0.06666666666666667,face,right,FALSE,face_distracter
051716_06,no-gaze,7_test,0.4722222222222222,0,0.6333333333333333,right,left,FALSE,target_distracter
051716_06,no-gaze,8_exposure,0.6282051282051282,0,0.3,left,right,TRUE,image_away
051716_06,no-gaze,8_test,0.7142857142857143,0,0.26666666666666666,face,right,FALSE,face_distracter
051716_07,gaze,1_exposure,0,0.5614035087719298,0.4666666666666667,face,right,FALSE,face_distracter
051716_07,gaze,1_test,0.12931034482758622,0,0.23333333333333334,face,right,FALSE,face_distracter
051716_07,gaze,10_exposure,0.7589285714285714,0.7589285714285714,0.43333333333333335,face,left,FALSE,face_distracter
051716_07,gaze,10_test,0.9107142857142857,0,0.4,face,left,TRUE,face_target
051716_07,gaze,12_exposure,0,0.35294117647058826,0.3,face,right,FALSE,face_distracter
051716_07,gaze,12_test,0.06611570247933884,0,0.43333333333333335,face,right,TRUE,face_target
051716_07,gaze,13_exposure,0,0.4166666666666667,0.4666666666666667,face,right,FALSE,face_distracter
051716_07,gaze,13_test,0.07692307692307693,0,0.5,left,right,FALSE,image_away
051716_07,gaze,15_exposure,0.71875,0.71875,0.36666666666666664,face,left,TRUE,face_target
051716_07,gaze,15_test,0.34782608695652173,0,0.4666666666666667,face,left,TRUE,face_target
051716_07,gaze,16_exposure,0.546875,0.125,0.43333333333333335,face,left,TRUE,face_target
051716_07,gaze,16_test,0.31666666666666665,0,0.26666666666666666,face,right,FALSE,face_distracter
051716_07,gaze,2_exposure,0,0.6271186440677966,0.43333333333333335,face,left,FALSE,face_distracter
051716_07,gaze,2_test,0.4444444444444444,0,0.3,face,right,TRUE,face_target
051716_07,gaze,3_exposure,0.6782608695652174,0.6782608695652174,0.6333333333333333,face,left,TRUE,face_target
051716_07,gaze,3_test,0.04310344827586207,0,0.9333333333333333,face,right,TRUE,face_target
051716_07,gaze,5_exposure,0,0.7086614173228346,0.6333333333333333,face,left,FALSE,face_distracter
051716_07,gaze,5_test,0.24390243902439024,0,0.7666666666666667,face,left,TRUE,face_target
051716_07,gaze,7_exposure,0,0.6379310344827587,0.3,face,right,FALSE,face_distracter
051716_07,gaze,7_test,0.12380952380952381,0,0.7,left,right,TRUE,image_away
051716_07,gaze,8_exposure,0.6033057851239669,0.6033057851239669,0.4666666666666667,face,right,TRUE,face_target
051716_07,gaze,8_test,0.2066115702479339,0,0.3,face,left,FALSE,face_distracter
051716_07,gaze,9_exposure,0.5083333333333333,0.5083333333333333,0.6,face,right,TRUE,face_target
051716_07,gaze,9_test,0.5803571428571429,0,0.4666666666666667,face,left,TRUE,face_target
051716_08,no-gaze,1_exposure,0.2631578947368421,0,0.4666666666666667,left,right,FALSE,image_away
051716_08,no-gaze,1_test,0.6386554621848739,0,0.4,left,right,FALSE,image_away
051716_08,no-gaze,10_exposure,0.45794392523364486,0,0.3,right,left,FALSE,target_distracter
051716_08,no-gaze,10_test,0.7857142857142857,0,0.3,left,right,FALSE,image_away
051716_08,no-gaze,11_exposure,0.37815126050420167,0,0.3333333333333333,right,left,TRUE,distracter_target
051716_08,no-gaze,11_test,0.7886178861788617,0,0.26666666666666666,left,right,TRUE,image_away
051716_08,no-gaze,14_exposure,0.3069306930693069,0,0.6333333333333333,left,right,FALSE,image_away
051716_08,no-gaze,14_test,0.5213675213675214,0,0.4666666666666667,right,left,TRUE,distracter_target
051716_08,no-gaze,15_exposure,0.2644628099173554,0,0.4,left,right,FALSE,image_away
051716_08,no-gaze,15_test,0.525,0,0.5,left,right,FALSE,image_away
051716_08,no-gaze,16_exposure,0.7105263157894737,0,0.36666666666666664,left,right,TRUE,image_away
051716_08,no-gaze,16_test,0.5785123966942148,0,0.26666666666666666,right,left,TRUE,distracter_target
051716_08,no-gaze,2_exposure,0.43859649122807015,0,0.23333333333333334,right,face,FALSE,image_face
051716_08,no-gaze,2_test,0.3274336283185841,0,1.2666666666666666,left,right,FALSE,image_away
051716_08,no-gaze,3_exposure,0.5495495495495496,0,0.3,right,left,FALSE,target_distracter
051716_08,no-gaze,3_test,0.8571428571428571,0,0.23333333333333334,left,right,TRUE,image_away
051716_08,no-gaze,4_exposure,0.5454545454545454,0,0.3,left,right,TRUE,image_away
051716_08,no-gaze,4_test,0.831858407079646,0,0.26666666666666666,right,left,FALSE,target_distracter
051716_08,no-gaze,5_exposure,0.4583333333333333,0,0.6333333333333333,face,left,TRUE,face_target
051716_08,no-gaze,5_test,0.28703703703703703,0,0.26666666666666666,right,left,FALSE,target_distracter
051716_08,no-gaze,6_exposure,0.42857142857142855,0,0.43333333333333335,left,right,TRUE,image_away
051716_08,no-gaze,6_test,0.8360655737704918,0,0.16666666666666666,face,left,FALSE,face_distracter
051716_08,no-gaze,7_exposure,0.45132743362831856,0,0.23333333333333334,face,left,TRUE,face_target
051716_08,no-gaze,7_test,0.9292035398230089,0,0.26666666666666666,left,right,TRUE,image_away
051716_08,no-gaze,8_exposure,0.7024793388429752,0,0.4666666666666667,left,right,TRUE,image_away
051716_08,no-gaze,8_test,0.7540983606557377,0,0.3333333333333333,right,left,TRUE,distracter_target
051716_09,gaze,1_exposure,0,0.3652173913043478,1.1333333333333333,face,right,FALSE,face_distracter
051716_09,gaze,1_test,0,0,NA,face,NA,NA,no_shift
051716_09,gaze,10_exposure,0.46551724137931033,0.46551724137931033,0.36666666666666664,face,left,FALSE,face_distracter
051716_09,gaze,10_test,0.2815533980582524,0,0.3333333333333333,face,left,TRUE,face_target
051716_09,gaze,12_exposure,0.0847457627118644,0.4406779661016949,0.3333333333333333,left,right,FALSE,image_away
051716_09,gaze,12_test,0,0,NA,face,NA,NA,no_shift
051716_09,gaze,13_exposure,0,0.8305084745762712,0.6333333333333333,face,right,FALSE,face_distracter
051716_09,gaze,13_test,0.20689655172413793,0,0.3333333333333333,face,right,FALSE,face_distracter
051716_09,gaze,15_exposure,0.3008130081300813,0.3008130081300813,0.3,face,left,TRUE,face_target
051716_09,gaze,15_test,0.20175438596491227,0,0.23333333333333334,face,left,TRUE,face_target
051716_09,gaze,16_exposure,0.2283464566929134,0.05511811023622047,2.7333333333333334,face,left,TRUE,face_target
051716_09,gaze,16_test,0,0,NA,face,NA,NA,no_shift
051716_09,gaze,2_exposure,0.2396694214876033,0.2396694214876033,0.5,right,left,FALSE,target_distracter
051716_09,gaze,2_test,0,0,NA,face,NA,NA,no_shift
051716_09,gaze,3_exposure,0.1557377049180328,0.1557377049180328,1.2,face,left,TRUE,face_target
051716_09,gaze,3_test,0,0,NA,face,NA,NA,no_shift
051716_09,gaze,5_exposure,0,0.8617886178861789,0.6,face,left,FALSE,face_distracter
051716_09,gaze,5_test,0.2689075630252101,0,0.7666666666666667,left,right,FALSE,image_away
051716_09,gaze,7_exposure,0,0.584070796460177,1.2333333333333334,face,right,FALSE,face_distracter
051716_09,gaze,7_test,0.07079646017699115,0,0.7,face,left,FALSE,face_distracter
051716_09,gaze,8_exposure,0.4528301886792453,0.4528301886792453,0.3333333333333333,face,left,FALSE,face_distracter
051716_09,gaze,8_test,0.25217391304347825,0,0.3,face,left,FALSE,face_distracter
051716_09,gaze,9_exposure,0.8165137614678899,0.8165137614678899,0.43333333333333335,face,right,TRUE,face_target
051716_09,gaze,9_test,0,0,NA,face,NA,NA,no_shift
